店名,分类,地址,备注,经度,纬度
火牛平度菜,热拌凉,平度市福州路291号,求热拌凉的店，本地人推荐,119.983434,36.793395
杨家味,热拌凉,平度市,爱吃麻汁多的,119.990075,36.791875
郑州路老青杨麻辣鸡架,小吃,平度市郑州路53-2号,海尔仓库斜对面,119.947611,36.776663
潮汕牛肉丸,小吃,平度市胜利路13-16号,河头市场美食街西头,119.98009,36.783782
老北京绿豆饼,小吃,平度市胜利路5-5号,胜利路跟温州路交叉口往东，翰林学府门口,119.983181,36.784769
平度佳乐家炸鸡柳,小吃,平度市城关街道办事处杭州路76号,佳乐家炸鸡柳,119.967217,36.792441
老生资馄饨,小吃,平度市青岛路生资公司(公交站),生资公司公交站附近,119.983932,36.78373
芜湖小笼包(南关街),小吃,平度市青岛路南关市场南头,南关市场南头,119.951641,36.778839
窦记炸鸡叉炸鸡背,小吃,平度市青岛路南关市场C1号楼1-3层北起第6户,南关市场,119.951625,36.778931
壮哥哥朝鲜面,面食,平度市经济开发区厦门路398-1号,石庄夜市,119.997077,36.768279
傣劲米线,面食,平度市人民路87-5-1号,人民路,119.965871,36.792023
锅锅旺市井火锅米线,面食,平度市东阁街道杭州路78-38号,东阁街道杭州路,119.966066,36.793348
土炉肉火烧(西安路店),面食,平度市西安路与郑州路交叉口西20米,西安路与郑州路交叉口,119.949468,36.780511
老字号水饺刀削面炒面油泼面,面食,平度市常州路洪林旅馆斜对面,常州路洪林旅馆斜对面,119.954717,36.766635
金门都炸酱面(福州南路店),韩餐,平度市福州南路与长江路交叉口北60米,福州南路与长江路交叉口,119.987502,36.776696
和平巷面馆·招牌豌杂面,面食,平度市徐州路夜市26号,蜜雪冰城西北侧路西,119.951502,36.784614
融柳大铁牛螺蛳粉(金荷广场店),面食,平度市李园街道办事处常州路108号2号楼142户,金荷广场,119.954458,36.788054
肉夹馍土豆粉(福安花苑南区店),面食,平度市南京东路38-2,福安花苑南区,119.987696,36.796253
姨家米肠汤饭,韩餐,平度市同和街道荣华路51号,同和街道,119.933678,36.737916
顺吉饭店,韩餐,平度市福州路2-17号,福州路,119.984374,36.781213
辣椒叔叔,川菜,平度市南京路322号,南京路,119.948359,36.795018
第一家川味拌菜(军民小区店),川菜,平度市南关市场北金河肉食徐州路116号,南关市场北,119.951436,36.78234
老崔辣子鸡,川菜,平度市胜利新村8排8号,胜利新村,119.939103,36.783972
东北菜馆(新华苑店),炒菜,平度市常州路255-3号,人民医院常州路门诊部对面,119.956339,36.800622
同和老牛汤,汤锅,平度市崔侯路140号,同和,119.945332,36.741108
福林石锅鱼,汤锅,平度市李园街道办事处济南路与徐州路交叉口北30米,济南路与徐州路交叉口,119.951301,36.782894
永盛重庆鸡公煲(平苑小区店),汤锅,平度市大会堂对面红旗路202号,大会堂对面,119.951298,36.786064
潘福记麻辣烫,麻辣烫,平度市同和办事处同和路106号一层、102-3号,同和办事处,119.932987,36.738084
强哥东北老式麻辣烫,麻辣烫,平度市千汇花园北门东110米,千汇花园北门,119.96697,36.784435
现河串串,串串,平度市人民路71-8号,人民路现河,119.97335,36.791216
张姐涮串,串串,平度市东阁街道办事处佳乐家东门对面,佳乐家东门对面,119.967857,36.79328
胶东名城,鲁菜,平度市李园街道人民路108-1号,李园街道人民路,119.949074,36.789886
如心意脂渣,特产,平度市福州南路29-1号,福州南路,119.987573,36.776579
聚元鲜骨汤馄饨,粉面,平度市福州路,,119.983416,36.793716
毛桃炒酸奶,甜品,平度市,,119.96,36.79
